N,seed,solver,t,status
10,0,slsqp,0.016166210174560547,ok
10,0,trust-constr,0.269956111907959,ok
10,0,ipopt,0.08144092559814453,ok
10,0,pyomo_cbc,0.113739013671875,ok
10,0,pyomo_glpk,0.052060842514038086,ok
10,0,cvxpy_cbc,0.026734113693237305,ok
10,0,cvxpy_glpk,0.012995004653930664,ok
10,0,ecos,0.015892982482910156,ok
10,1,slsqp,0.02078104019165039,ok
10,1,trust-constr,0.18880414962768555,ok
10,1,ipopt,0.043869972229003906,ok
10,1,pyomo_cbc,0.13658499717712402,ok
10,1,pyomo_glpk,0.040058135986328125,ok
10,1,cvxpy_cbc,0.08659625053405762,ok
10,1,cvxpy_glpk,0.015506267547607422,ok
10,1,ecos,2.2466938495635986,optimal_inaccurate
10,2,slsqp,0.01044607162475586,ok
10,2,trust-constr,0.6845710277557373,ok
10,2,ipopt,0.05547165870666504,ok
10,2,pyomo_cbc,0.07586002349853516,ok
10,2,pyomo_glpk,0.04190802574157715,ok
10,2,cvxpy_cbc,0.022736072540283203,ok
10,2,cvxpy_glpk,0.016730785369873047,ok
10,2,ecos,0.017667770385742188,ok
10,3,slsqp,0.014353275299072266,ok
10,3,trust-constr,0.3246731758117676,ok
10,3,ipopt,0.04849886894226074,ok
10,3,pyomo_cbc,0.07360196113586426,ok
10,3,pyomo_glpk,0.04029417037963867,ok
10,3,cvxpy_cbc,0.022632122039794922,ok
10,3,cvxpy_glpk,0.011799812316894531,ok
10,3,ecos,0.013370275497436523,ok
10,4,slsqp,0.020611286163330078,ok
10,4,trust-constr,0.7572531700134277,ok
10,4,ipopt,0.05372214317321777,ok
10,4,pyomo_cbc,0.07701587677001953,ok
10,4,pyomo_glpk,0.03941774368286133,ok
10,4,cvxpy_cbc,0.024021148681640625,ok
10,4,cvxpy_glpk,0.011672019958496094,ok
10,4,ecos,0.015237092971801758,ok
10,5,slsqp,0.014951229095458984,ok
10,5,trust-constr,0.5520298480987549,ok
10,5,ipopt,0.04807233810424805,ok
10,5,pyomo_cbc,0.06674790382385254,ok
10,5,pyomo_glpk,0.04526805877685547,ok
10,5,cvxpy_cbc,0.02219080924987793,ok
10,5,cvxpy_glpk,0.01305079460144043,ok
10,5,ecos,0.015416145324707031,ok
10,6,slsqp,0.016937971115112305,ok
10,6,trust-constr,0.3301851749420166,ok
10,6,ipopt,0.05299186706542969,ok
10,6,pyomo_cbc,0.07666301727294922,ok
10,6,pyomo_glpk,0.0424199104309082,ok
10,6,cvxpy_cbc,0.023807048797607422,ok
10,6,cvxpy_glpk,0.013296127319335938,ok
10,6,ecos,0.013796091079711914,ok
10,7,slsqp,0.01854395866394043,ok
10,7,trust-constr,0.3676748275756836,ok
10,7,ipopt,0.04849505424499512,ok
10,7,pyomo_cbc,0.0897979736328125,ok
10,7,pyomo_glpk,0.0391697883605957,ok
10,7,cvxpy_cbc,0.06684017181396484,ok
10,7,cvxpy_glpk,0.017611026763916016,ok
10,7,ecos,1.4890468120574951,optimal_inaccurate
10,8,slsqp,0.010776042938232422,ok
10,8,trust-constr,0.44840192794799805,ok
10,8,ipopt,0.0468900203704834,ok
10,8,pyomo_cbc,0.07063698768615723,ok
10,8,pyomo_glpk,0.03840208053588867,ok
10,8,cvxpy_cbc,0.023247957229614258,ok
10,8,cvxpy_glpk,0.011159181594848633,ok
10,8,ecos,0.0117340087890625,ok
10,9,slsqp,0.012292146682739258,ok
10,9,trust-constr,0.5959029197692871,ok
10,9,ipopt,0.05549001693725586,ok
10,9,pyomo_cbc,0.07854819297790527,ok
10,9,pyomo_glpk,0.04632711410522461,ok
10,9,cvxpy_cbc,0.026776790618896484,ok
10,9,cvxpy_glpk,0.013265848159790039,ok
10,9,ecos,0.015060901641845703,ok
10,10,slsqp,0.018807172775268555,ok
10,10,trust-constr,0.505744218826294,ok
10,10,ipopt,0.04902386665344238,ok
10,10,pyomo_cbc,0.07795882225036621,ok
10,10,pyomo_glpk,0.038403987884521484,ok
10,10,cvxpy_cbc,0.07146191596984863,ok
10,10,cvxpy_glpk,0.013097047805786133,ok
10,10,ecos,1.7975001335144043,infeasible_inaccurate
10,11,slsqp,0.011592864990234375,ok
10,11,trust-constr,0.3406870365142822,ok
10,11,ipopt,0.05231189727783203,ok
10,11,pyomo_cbc,0.07591009140014648,ok
10,11,pyomo_glpk,0.03916788101196289,ok
10,11,cvxpy_cbc,0.023782730102539062,ok
10,11,cvxpy_glpk,0.014842033386230469,ok
10,11,ecos,0.01540517807006836,ok
10,12,slsqp,0.015074968338012695,ok
10,12,trust-constr,0.39940714836120605,ok
10,12,ipopt,0.04672503471374512,ok
10,12,pyomo_cbc,0.06895923614501953,ok
10,12,pyomo_glpk,0.038168907165527344,ok
10,12,cvxpy_cbc,0.023129940032958984,ok
10,12,cvxpy_glpk,0.011768817901611328,ok
10,12,ecos,0.013752937316894531,ok
10,13,slsqp,0.020922183990478516,ok
10,13,trust-constr,0.5457422733306885,ok
10,13,ipopt,0.04695296287536621,ok
10,13,pyomo_cbc,0.08649587631225586,ok
10,13,pyomo_glpk,0.03604626655578613,ok
10,13,cvxpy_cbc,0.08191823959350586,ok
10,13,cvxpy_glpk,0.01351618766784668,ok
10,13,ecos,1.295957088470459,infeasible_inaccurate
10,14,slsqp,0.012103796005249023,ok
10,14,trust-constr,0.7466428279876709,ok
10,14,ipopt,0.04548788070678711,ok
10,14,pyomo_cbc,0.07236695289611816,ok
10,14,pyomo_glpk,0.03965902328491211,ok
10,14,cvxpy_cbc,0.023171663284301758,ok
10,14,cvxpy_glpk,0.011567115783691406,ok
10,14,ecos,0.013365983963012695,ok
10,15,slsqp,0.019457101821899414,ok
10,15,trust-constr,0.76572585105896,ok
10,15,ipopt,0.06038498878479004,ok
10,15,pyomo_cbc,0.08515691757202148,ok
10,15,pyomo_glpk,0.044853925704956055,ok
10,15,cvxpy_cbc,0.07426714897155762,ok
10,15,cvxpy_glpk,0.016281843185424805,ok
10,15,ecos,2.1899547576904297,optimal_inaccurate
10,16,slsqp,0.011407136917114258,ok
10,16,trust-constr,0.42534875869750977,ok
10,16,ipopt,0.04571795463562012,ok
10,16,pyomo_cbc,0.0854179859161377,ok
10,16,pyomo_glpk,0.040582895278930664,ok
10,16,cvxpy_cbc,0.0706787109375,ok
10,16,cvxpy_glpk,0.014816761016845703,ok
10,16,ecos,0.015108108520507812,ok
10,17,slsqp,0.014033794403076172,ok
10,17,trust-constr,0.2384510040283203,ok
10,17,ipopt,0.050113677978515625,ok
10,17,pyomo_cbc,0.07142806053161621,ok
10,17,pyomo_glpk,0.04062509536743164,ok
10,17,cvxpy_cbc,0.022954940795898438,ok
10,17,cvxpy_glpk,0.01490473747253418,ok
10,17,ecos,0.015074014663696289,ok
10,18,slsqp,0.02643299102783203,ok
10,18,trust-constr,0.3097879886627197,ok
10,18,ipopt,0.0478818416595459,ok
10,18,pyomo_cbc,0.08646202087402344,ok
10,18,pyomo_glpk,0.03873109817504883,ok
10,18,cvxpy_cbc,0.07051992416381836,ok
10,18,cvxpy_glpk,0.013642072677612305,ok
10,18,ecos,1.2759997844696045,optimal_inaccurate
10,19,slsqp,0.01219797134399414,ok
10,19,trust-constr,0.2515139579772949,ok
10,19,ipopt,0.04543280601501465,ok
10,19,pyomo_cbc,0.07327103614807129,ok
10,19,pyomo_glpk,0.03712105751037598,ok
10,19,cvxpy_cbc,0.06747817993164062,ok
10,19,cvxpy_glpk,0.0123291015625,ok
10,19,ecos,0.013607025146484375,ok
10,20,slsqp,0.010573863983154297,ok
10,20,trust-constr,0.6866507530212402,ok
10,20,ipopt,0.047412872314453125,ok
10,20,pyomo_cbc,0.0696711540222168,ok
10,20,pyomo_glpk,0.03903508186340332,ok
10,20,cvxpy_cbc,0.022079944610595703,ok
10,20,cvxpy_glpk,0.011483907699584961,ok
10,20,ecos,0.012384891510009766,ok
10,21,slsqp,0.014816999435424805,ok
10,21,trust-constr,0.5894122123718262,ok
10,21,ipopt,0.05016207695007324,ok
10,21,pyomo_cbc,0.07127094268798828,ok
10,21,pyomo_glpk,0.040696144104003906,ok
10,21,cvxpy_cbc,0.021899938583374023,ok
10,21,cvxpy_glpk,0.014165878295898438,ok
10,21,ecos,0.013620853424072266,ok
10,22,slsqp,0.016083955764770508,ok
10,22,trust-constr,0.8182179927825928,ok
10,22,ipopt,0.048213958740234375,ok
10,22,pyomo_cbc,0.0691230297088623,ok
10,22,pyomo_glpk,0.040598154067993164,ok
10,22,cvxpy_cbc,0.021478891372680664,ok
10,22,cvxpy_glpk,0.011250734329223633,ok
10,22,ecos,0.01329183578491211,ok
10,23,slsqp,0.017378807067871094,ok
10,23,trust-constr,0.30244874954223633,ok
10,23,ipopt,0.04624485969543457,ok
10,23,pyomo_cbc,0.10973811149597168,ok
10,23,pyomo_glpk,0.04259467124938965,ok
10,23,cvxpy_cbc,0.11121511459350586,ok
10,23,cvxpy_glpk,0.01763296127319336,ok
10,23,ecos,0.015622854232788086,ok
10,24,slsqp,0.019605159759521484,ok
10,24,trust-constr,0.4387831687927246,ok
10,24,ipopt,0.046404123306274414,ok
10,24,pyomo_cbc,0.08575987815856934,ok
10,24,pyomo_glpk,0.03846096992492676,ok
10,24,cvxpy_cbc,0.06890392303466797,ok
10,24,cvxpy_glpk,0.013457059860229492,ok
10,24,ecos,0.014060020446777344,ok
20,0,slsqp,0.01923513412475586,ok
20,0,trust-constr,0.48076605796813965,ok
20,0,ipopt,0.05129528045654297,ok
20,0,pyomo_cbc,0.09086728096008301,ok
20,0,pyomo_glpk,0.05078935623168945,ok
20,0,cvxpy_cbc,0.02689814567565918,ok
20,0,cvxpy_glpk,0.013593196868896484,ok
20,0,ecos,0.016551971435546875,ok
20,1,slsqp,0.020376205444335938,ok
20,1,trust-constr,0.5206661224365234,ok
20,1,ipopt,0.052073001861572266,ok
20,1,pyomo_cbc,0.18879103660583496,ok
20,1,pyomo_glpk,0.0642850399017334,ok
20,1,cvxpy_cbc,0.11671614646911621,ok
20,1,cvxpy_glpk,0.0191648006439209,ok
20,1,ecos,4.205235004425049,optimal_inaccurate
20,2,slsqp,0.012465953826904297,ok
20,2,trust-constr,1.250288963317871,ok
20,2,ipopt,0.051484107971191406,ok
20,2,pyomo_cbc,0.08563399314880371,ok
20,2,pyomo_glpk,0.05250716209411621,ok
20,2,cvxpy_cbc,0.02616286277770996,ok
20,2,cvxpy_glpk,0.015750885009765625,ok
20,2,ecos,0.0186612606048584,ok
20,3,slsqp,0.020632028579711914,ok
20,3,trust-constr,0.5379610061645508,ok
20,3,ipopt,0.04618406295776367,ok
20,3,pyomo_cbc,0.12126898765563965,ok
20,3,pyomo_glpk,0.05257701873779297,ok
20,3,cvxpy_cbc,0.12597227096557617,ok
20,3,cvxpy_glpk,0.015259981155395508,ok
20,3,ecos,4.906873941421509,infeasible_inaccurate
20,4,slsqp,0.012463092803955078,ok
20,4,trust-constr,0.5929229259490967,ok
20,4,ipopt,0.051167964935302734,ok
20,4,pyomo_cbc,0.07571792602539062,ok
20,4,pyomo_glpk,0.045278310775756836,ok
20,4,cvxpy_cbc,0.023247718811035156,ok
20,4,cvxpy_glpk,0.012463092803955078,ok
20,4,ecos,0.016315937042236328,ok
20,5,slsqp,0.01459193229675293,ok
20,5,trust-constr,0.7924787998199463,ok
20,5,ipopt,0.05362081527709961,ok
20,5,pyomo_cbc,0.08711886405944824,ok
20,5,pyomo_glpk,0.05294680595397949,ok
20,5,cvxpy_cbc,0.07070708274841309,ok
20,5,cvxpy_glpk,0.013939142227172852,ok
20,5,ecos,4.773638963699341,infeasible_inaccurate
20,6,slsqp,0.013983011245727539,ok
20,6,trust-constr,0.4774923324584961,ok
20,6,ipopt,0.047438859939575195,ok
20,6,pyomo_cbc,0.12434506416320801,ok
20,6,pyomo_glpk,0.04803895950317383,ok
20,6,cvxpy_cbc,0.08763480186462402,ok
20,6,cvxpy_glpk,0.014806032180786133,ok
20,6,ecos,3.0764200687408447,optimal_inaccurate
20,7,slsqp,0.020604848861694336,ok
20,7,trust-constr,0.5362379550933838,ok
20,7,ipopt,0.04425191879272461,ok
20,7,pyomo_cbc,0.1859891414642334,ok
20,7,pyomo_glpk,0.05785775184631348,ok
20,7,cvxpy_cbc,0.13526391983032227,ok
20,7,cvxpy_glpk,0.019247055053710938,ok
20,7,ecos,3.849139928817749,infeasible_inaccurate
20,8,slsqp,0.016646862030029297,ok
20,8,trust-constr,0.9301929473876953,ok
20,8,ipopt,0.05356001853942871,ok
20,8,pyomo_cbc,0.07774996757507324,ok
20,8,pyomo_glpk,0.04719901084899902,ok
20,8,cvxpy_cbc,0.02390885353088379,ok
20,8,cvxpy_glpk,0.013648033142089844,ok
20,8,ecos,0.019355058670043945,ok
20,9,slsqp,0.016961097717285156,ok
20,9,trust-constr,0.6576170921325684,ok
20,9,ipopt,0.04510092735290527,ok
20,9,pyomo_cbc,0.09531688690185547,ok
20,9,pyomo_glpk,0.05341696739196777,ok
20,9,cvxpy_cbc,0.027721881866455078,ok
20,9,cvxpy_glpk,0.014015913009643555,ok
20,9,ecos,0.01866006851196289,ok
20,10,slsqp,0.014435052871704102,ok
20,10,trust-constr,0.46562910079956055,ok
20,10,ipopt,0.04608774185180664,ok
20,10,pyomo_cbc,0.07637715339660645,ok
20,10,pyomo_glpk,0.05156421661376953,ok
20,10,cvxpy_cbc,0.02312302589416504,ok
20,10,cvxpy_glpk,0.012511968612670898,ok
20,10,ecos,0.01556396484375,ok
20,11,slsqp,0.014181137084960938,ok
20,11,trust-constr,0.692878007888794,ok
20,11,ipopt,0.05095314979553223,ok
20,11,pyomo_cbc,0.0819556713104248,ok
20,11,pyomo_glpk,0.05284595489501953,ok
20,11,cvxpy_cbc,0.02384185791015625,ok
20,11,cvxpy_glpk,0.015893936157226562,ok
20,11,ecos,0.017378807067871094,ok
20,12,slsqp,0.01853013038635254,ok
20,12,trust-constr,0.8857119083404541,ok
20,12,ipopt,0.050807952880859375,ok
20,12,pyomo_cbc,0.07687497138977051,ok
20,12,pyomo_glpk,0.04678988456726074,ok
20,12,cvxpy_cbc,0.02320408821105957,ok
20,12,cvxpy_glpk,0.01297903060913086,ok
20,12,ecos,0.01693892478942871,ok
20,13,slsqp,0.0170440673828125,ok
20,13,trust-constr,0.348862886428833,ok
20,13,ipopt,0.05971574783325195,ok
20,13,pyomo_cbc,0.09040284156799316,ok
20,13,pyomo_glpk,0.04816102981567383,ok
20,13,cvxpy_cbc,0.07109689712524414,ok
20,13,cvxpy_glpk,0.01410984992980957,ok
20,13,ecos,0.01708221435546875,ok
20,14,slsqp,0.014055252075195312,ok
20,14,trust-constr,0.7663910388946533,ok
20,14,ipopt,0.04773092269897461,ok
20,14,pyomo_cbc,0.07911396026611328,ok
20,14,pyomo_glpk,0.052710771560668945,ok
20,14,cvxpy_cbc,0.023952960968017578,ok
20,14,cvxpy_glpk,0.013345956802368164,ok
20,14,ecos,0.017690181732177734,ok
20,15,slsqp,0.021155834197998047,ok
20,15,trust-constr,1.0319340229034424,ok
20,15,ipopt,0.05284404754638672,ok
20,15,pyomo_cbc,0.10823607444763184,ok
20,15,pyomo_glpk,0.05234098434448242,ok
20,15,cvxpy_cbc,0.07381916046142578,ok
20,15,cvxpy_glpk,0.014717817306518555,ok
20,15,ecos,0.019310951232910156,ok
20,16,slsqp,0.01489114761352539,ok
20,16,trust-constr,1.6469080448150635,ok
20,16,ipopt,0.05068087577819824,ok
20,16,pyomo_cbc,0.08917808532714844,ok
20,16,pyomo_glpk,0.05444622039794922,ok
20,16,cvxpy_cbc,0.025615930557250977,ok
20,16,cvxpy_glpk,0.015730857849121094,ok
20,16,ecos,0.017039775848388672,ok
20,17,slsqp,0.021940946578979492,ok
20,17,trust-constr,0.5675220489501953,ok
20,17,ipopt,0.04649615287780762,ok
20,17,pyomo_cbc,0.16984915733337402,ok
20,17,pyomo_glpk,0.05540823936462402,ok
20,17,cvxpy_cbc,0.11570191383361816,ok
20,17,cvxpy_glpk,0.016648054122924805,ok
20,17,ecos,0.013435840606689453,ok
20,18,slsqp,0.017853736877441406,ok
20,18,trust-constr,0.7427091598510742,ok
20,18,ipopt,0.05043196678161621,ok
20,18,pyomo_cbc,0.09838414192199707,ok
20,18,pyomo_glpk,0.04967093467712402,ok
20,18,cvxpy_cbc,0.07286691665649414,ok
20,18,cvxpy_glpk,0.015409231185913086,ok
20,18,ecos,3.742277145385742,infeasible_inaccurate
20,19,slsqp,0.014153003692626953,ok
20,19,trust-constr,0.6892340183258057,ok
20,19,ipopt,0.051223039627075195,ok
20,19,pyomo_cbc,0.08672904968261719,ok
20,19,pyomo_glpk,0.05345296859741211,ok
20,19,cvxpy_cbc,0.02560901641845703,ok
20,19,cvxpy_glpk,0.012480974197387695,ok
20,19,ecos,0.017781972885131836,ok
20,20,slsqp,0.018458127975463867,ok
20,20,trust-constr,1.571424961090088,ok
20,20,ipopt,0.05262017250061035,ok
20,20,pyomo_cbc,0.07821893692016602,ok
20,20,pyomo_glpk,0.04932594299316406,ok
20,20,cvxpy_cbc,0.02357196807861328,ok
20,20,cvxpy_glpk,0.013711690902709961,ok
20,20,ecos,0.01785588264465332,ok
20,21,slsqp,0.019814014434814453,ok
20,21,trust-constr,1.0888309478759766,ok
20,21,ipopt,0.05317091941833496,ok
20,21,pyomo_cbc,0.09592890739440918,ok
20,21,pyomo_glpk,0.05183982849121094,ok
20,21,cvxpy_cbc,0.07287216186523438,ok
20,21,cvxpy_glpk,0.016438722610473633,ok
20,21,ecos,0.017246007919311523,ok
20,22,slsqp,0.01894402503967285,ok
20,22,trust-constr,0.5871908664703369,ok
20,22,ipopt,0.05120706558227539,ok
20,22,pyomo_cbc,0.09800910949707031,ok
20,22,pyomo_glpk,0.05238199234008789,ok
20,22,cvxpy_cbc,0.07292795181274414,ok
20,22,cvxpy_glpk,0.013955831527709961,ok
20,22,ecos,0.01738715171813965,ok
20,23,slsqp,0.02571272850036621,ok
20,23,trust-constr,0.7954921722412109,ok
20,23,ipopt,0.054022789001464844,ok
20,23,pyomo_cbc,0.09213900566101074,ok
20,23,pyomo_glpk,0.05143904685974121,ok
20,23,cvxpy_cbc,0.07113313674926758,ok
20,23,cvxpy_glpk,0.013512849807739258,ok
20,23,ecos,0.01775503158569336,ok
20,24,slsqp,0.010663270950317383,ok
20,24,trust-constr,0.6768040657043457,ok
20,24,ipopt,0.05178499221801758,ok
20,24,pyomo_cbc,0.08600687980651855,ok
20,24,pyomo_glpk,0.176436185836792,ok
20,24,cvxpy_cbc,0.023771047592163086,ok
20,24,cvxpy_glpk,0.011410951614379883,ok
20,24,ecos,0.015794038772583008,ok
50,0,slsqp,0.044313907623291016,ok
50,0,trust-constr,1.972862958908081,ok
50,0,ipopt,0.06115412712097168,ok
50,0,pyomo_cbc,0.22038507461547852,ok
50,0,pyomo_glpk,0.09013605117797852,ok
50,0,cvxpy_cbc,0.08002901077270508,ok
50,0,cvxpy_glpk,0.025271892547607422,ok
50,0,ecos,0.02186107635498047,ok
50,1,slsqp,0.05440711975097656,ok
50,1,trust-constr,1.5231852531433105,ok
50,1,ipopt,0.059977054595947266,ok
50,1,pyomo_cbc,0.16316699981689453,ok
50,1,pyomo_glpk,0.08741402626037598,ok
50,1,cvxpy_cbc,0.04111504554748535,ok
50,1,cvxpy_glpk,0.01855778694152832,ok
50,1,ecos,11.109797239303589,infeasible_inaccurate
50,2,slsqp,0.06397676467895508,ok
50,2,trust-constr,2.7316882610321045,ok
50,2,ipopt,0.06025981903076172,ok
50,2,pyomo_cbc,0.46730804443359375,ok
50,2,pyomo_glpk,0.11692380905151367,ok
50,2,cvxpy_cbc,0.2906970977783203,ok
50,2,cvxpy_glpk,0.06893205642700195,ok
50,2,ecos,0.032225847244262695,ok
50,3,slsqp,0.04134416580200195,ok
50,3,trust-constr,2.5245141983032227,ok
50,3,ipopt,0.07296609878540039,ok
50,3,pyomo_cbc,0.4908168315887451,ok
50,3,pyomo_glpk,0.10895705223083496,ok
50,3,cvxpy_cbc,0.2785630226135254,ok
50,3,cvxpy_glpk,0.07944178581237793,ok
50,3,ecos,11.268552780151367,optimal_inaccurate
50,4,slsqp,0.05743694305419922,ok
50,4,trust-constr,2.773974895477295,ok
50,4,ipopt,0.06850409507751465,ok
50,4,pyomo_cbc,0.11957883834838867,ok
50,4,pyomo_glpk,0.09142708778381348,ok
50,4,cvxpy_cbc,0.03244280815124512,ok
50,4,cvxpy_glpk,0.016527891159057617,ok
50,4,ecos,0.028379201889038086,ok
50,5,slsqp,0.044458866119384766,ok
50,5,trust-constr,1.640453815460205,ok
50,5,ipopt,0.06631588935852051,ok
50,5,pyomo_cbc,0.12573623657226562,ok
50,5,pyomo_glpk,0.09264421463012695,ok
50,5,cvxpy_cbc,0.03063488006591797,ok
50,5,cvxpy_glpk,0.015970945358276367,ok
50,5,ecos,0.03351593017578125,ok
50,6,slsqp,0.03926801681518555,ok
50,6,trust-constr,1.839601993560791,ok
50,6,ipopt,0.06935691833496094,ok
50,6,pyomo_cbc,0.1288599967956543,ok
50,6,pyomo_glpk,0.09089398384094238,ok
50,6,cvxpy_cbc,0.03982996940612793,ok
50,6,cvxpy_glpk,0.015777111053466797,ok
50,6,ecos,0.029895782470703125,ok
50,7,slsqp,0.051740169525146484,ok
50,7,trust-constr,2.38333797454834,ok
50,7,ipopt,0.06632018089294434,ok
50,7,pyomo_cbc,0.59232497215271,ok
50,7,pyomo_glpk,0.12907791137695312,ok
50,7,cvxpy_cbc,0.33487582206726074,ok
50,7,cvxpy_glpk,0.08111405372619629,ok
50,7,ecos,0.027505874633789062,ok
50,8,slsqp,0.06933021545410156,ok
50,8,trust-constr,2.074314832687378,ok
50,8,ipopt,0.06245779991149902,ok
50,8,pyomo_cbc,0.19748830795288086,ok
50,8,pyomo_glpk,0.22171306610107422,ok
50,8,cvxpy_cbc,0.050729990005493164,ok
50,8,cvxpy_glpk,0.020999908447265625,ok
50,8,ecos,0.02329421043395996,ok
50,9,slsqp,0.02663564682006836,ok
50,9,trust-constr,1.6904170513153076,ok
50,9,ipopt,0.06625986099243164,ok
50,9,pyomo_cbc,0.1284799575805664,ok
50,9,pyomo_glpk,0.09100699424743652,ok
50,9,cvxpy_cbc,0.03187680244445801,ok
50,9,cvxpy_glpk,0.014715194702148438,ok
50,9,ecos,0.026760101318359375,ok
50,10,slsqp,0.046633243560791016,ok
50,10,trust-constr,1.8185820579528809,ok
50,10,ipopt,0.058029890060424805,ok
50,10,pyomo_cbc,0.12531280517578125,ok
50,10,pyomo_glpk,0.08036112785339355,ok
50,10,cvxpy_cbc,0.03566169738769531,ok
50,10,cvxpy_glpk,0.016232013702392578,ok
50,10,ecos,0.029208898544311523,ok
50,11,slsqp,0.04870486259460449,ok
50,11,trust-constr,2.1980457305908203,ok
50,11,ipopt,0.05979490280151367,ok
50,11,pyomo_cbc,0.17197418212890625,ok
50,11,pyomo_glpk,0.08858585357666016,ok
50,11,cvxpy_cbc,0.04828071594238281,ok
50,11,cvxpy_glpk,0.014833211898803711,ok
50,11,ecos,0.021375179290771484,ok
50,12,slsqp,0.04910111427307129,ok
50,12,trust-constr,5.794374227523804,0
50,12,ipopt,0.06039881706237793,ok
50,12,pyomo_cbc,0.11012506484985352,ok
50,12,pyomo_glpk,0.07665896415710449,ok
50,12,cvxpy_cbc,0.029574871063232422,ok
50,12,cvxpy_glpk,0.015276908874511719,ok
50,12,ecos,0.027045249938964844,ok
50,13,slsqp,0.04543900489807129,ok
50,13,trust-constr,2.0100438594818115,ok
50,13,ipopt,0.056595802307128906,ok
50,13,pyomo_cbc,0.1580648422241211,ok
50,13,pyomo_glpk,0.07985091209411621,ok
50,13,cvxpy_cbc,0.04937100410461426,ok
50,13,cvxpy_glpk,0.021178722381591797,ok
50,13,ecos,0.02968621253967285,ok
50,14,slsqp,0.05440807342529297,ok
50,14,trust-constr,3.0904157161712646,ok
50,14,ipopt,0.061608076095581055,ok
50,14,pyomo_cbc,0.13146591186523438,ok
50,14,pyomo_glpk,0.07637810707092285,ok
50,14,cvxpy_cbc,0.042584896087646484,ok
50,14,cvxpy_glpk,0.017955780029296875,ok
50,14,ecos,0.024862051010131836,ok
50,15,slsqp,0.07258915901184082,ok
50,15,trust-constr,2.5752720832824707,ok
50,15,ipopt,0.06368780136108398,ok
50,15,pyomo_cbc,0.1470489501953125,ok
50,15,pyomo_glpk,0.0961000919342041,ok
50,15,cvxpy_cbc,0.0455629825592041,ok
50,15,cvxpy_glpk,0.020496845245361328,ok
50,15,ecos,0.025224924087524414,ok
50,16,slsqp,0.04478287696838379,ok
50,16,trust-constr,1.7670650482177734,ok
50,16,ipopt,0.06019282341003418,ok
50,16,pyomo_cbc,0.11368703842163086,ok
50,16,pyomo_glpk,0.08387184143066406,ok
50,16,cvxpy_cbc,0.02956700325012207,ok
50,16,cvxpy_glpk,0.012130975723266602,ok
50,16,ecos,0.024436235427856445,ok
50,17,slsqp,0.061044931411743164,ok
50,17,trust-constr,1.489858865737915,ok
50,17,ipopt,0.05655813217163086,ok
50,17,pyomo_cbc,0.18368005752563477,ok
50,17,pyomo_glpk,0.08121204376220703,ok
50,17,cvxpy_cbc,0.04147696495056152,ok
50,17,cvxpy_glpk,0.16459918022155762,ok
50,17,ecos,12.008108854293823,infeasible_inaccurate
50,18,slsqp,0.043634891510009766,ok
50,18,trust-constr,2.0261831283569336,ok
50,18,ipopt,0.05478310585021973,ok
50,18,pyomo_cbc,0.16956186294555664,ok
50,18,pyomo_glpk,0.0794367790222168,ok
50,18,cvxpy_cbc,0.0378570556640625,ok
50,18,cvxpy_glpk,0.017322063446044922,ok
50,18,ecos,10.488162994384766,infeasible_inaccurate
50,19,slsqp,0.04369616508483887,ok
50,19,trust-constr,1.5128419399261475,ok
50,19,ipopt,0.05695605278015137,ok
50,19,pyomo_cbc,0.20500707626342773,ok
50,19,pyomo_glpk,0.09337711334228516,ok
50,19,cvxpy_cbc,0.24744081497192383,ok
50,19,cvxpy_glpk,0.04174208641052246,ok
50,19,ecos,11.305662870407104,infeasible_inaccurate
50,20,slsqp,0.05057811737060547,ok
50,20,trust-constr,2.5607078075408936,ok
50,20,ipopt,0.0560760498046875,ok
50,20,pyomo_cbc,0.17350983619689941,ok
50,20,pyomo_glpk,0.08988523483276367,ok
50,20,cvxpy_cbc,0.08039307594299316,ok
50,20,cvxpy_glpk,0.03187704086303711,ok
50,20,ecos,12.180486917495728,infeasible_inaccurate
50,21,slsqp,0.039261817932128906,ok
50,21,trust-constr,2.4816370010375977,ok
50,21,ipopt,0.05909895896911621,ok
50,21,pyomo_cbc,0.1589348316192627,ok
50,21,pyomo_glpk,0.08081793785095215,ok
50,21,cvxpy_cbc,0.05005288124084473,ok
50,21,cvxpy_glpk,0.014373779296875,ok
50,21,ecos,0.0255889892578125,ok
50,22,slsqp,0.04385089874267578,ok
50,22,trust-constr,1.7961440086364746,ok
50,22,ipopt,0.05348682403564453,ok
50,22,pyomo_cbc,0.14663386344909668,ok
50,22,pyomo_glpk,0.08963203430175781,ok
50,22,cvxpy_cbc,0.042669057846069336,ok
50,22,cvxpy_glpk,0.026379108428955078,ok
50,22,ecos,13.211150884628296,infeasible_inaccurate
50,23,slsqp,0.04667186737060547,ok
50,23,trust-constr,3.241664171218872,ok
50,23,ipopt,0.06677007675170898,ok
50,23,pyomo_cbc,0.1249849796295166,ok
50,23,pyomo_glpk,0.08645391464233398,ok
50,23,cvxpy_cbc,0.032845258712768555,ok
50,23,cvxpy_glpk,0.014748811721801758,ok
50,23,ecos,0.029732942581176758,ok
50,24,slsqp,0.05047273635864258,ok
50,24,trust-constr,5.146038770675659,0
50,24,ipopt,0.0692129135131836,ok
50,24,pyomo_cbc,0.11351203918457031,ok
50,24,pyomo_glpk,0.08396482467651367,ok
50,24,cvxpy_cbc,0.030743837356567383,ok
50,24,cvxpy_glpk,0.014974832534790039,ok
50,24,ecos,0.028153181076049805,ok
100,0,slsqp,0.1658797264099121,ok
100,0,trust-constr,8.95519208908081,ok
100,0,ipopt,0.09572696685791016,ok
100,0,pyomo_cbc,0.21251606941223145,ok
100,0,pyomo_glpk,0.3130228519439697,ok
100,0,cvxpy_cbc,0.04370474815368652,ok
100,0,cvxpy_glpk,0.021932125091552734,ok
100,0,ecos,0.051985979080200195,ok
100,1,slsqp,0.162337064743042,ok
100,1,trust-constr,11.433897018432617,ok
100,1,ipopt,0.08539295196533203,ok
100,1,pyomo_cbc,0.1850118637084961,ok
100,1,pyomo_glpk,0.1394808292388916,ok
100,1,cvxpy_cbc,0.040049076080322266,ok
100,1,cvxpy_glpk,0.020526885986328125,ok
100,1,ecos,0.056416988372802734,ok
100,2,slsqp,0.22476506233215332,ok
100,2,trust-constr,7.986100196838379,ok
100,2,ipopt,0.0906522274017334,ok
100,2,pyomo_cbc,0.38326096534729004,ok
100,2,pyomo_glpk,0.16065716743469238,ok
100,2,cvxpy_cbc,0.303128719329834,ok
100,2,cvxpy_glpk,0.07705211639404297,ok
100,2,ecos,30.129512071609497,infeasible_inaccurate
100,3,slsqp,0.20684075355529785,ok
100,3,trust-constr,5.697654962539673,ok
100,3,ipopt,0.08503293991088867,ok
100,3,pyomo_cbc,0.2885251045227051,ok
100,3,pyomo_glpk,0.16474485397338867,ok
100,3,cvxpy_cbc,0.3160738945007324,ok
100,3,cvxpy_glpk,0.09059500694274902,ok
100,3,ecos,0.060089111328125,ok
100,4,slsqp,0.27674269676208496,ok
100,4,trust-constr,5.731817960739136,ok
100,4,ipopt,0.07678914070129395,ok
100,4,pyomo_cbc,0.45381712913513184,ok
100,4,pyomo_glpk,0.13913297653198242,ok
100,4,cvxpy_cbc,0.22069096565246582,ok
100,4,cvxpy_glpk,0.05651092529296875,ok
100,4,ecos,22.17458701133728,optimal_inaccurate
100,5,slsqp,0.17835497856140137,ok
100,5,trust-constr,8.012757062911987,ok
100,5,ipopt,0.0889289379119873,ok
100,5,pyomo_cbc,0.24402999877929688,ok
100,5,pyomo_glpk,0.15333795547485352,ok
100,5,cvxpy_cbc,0.0748140811920166,ok
100,5,cvxpy_glpk,0.05036616325378418,ok
100,5,ecos,0.04852008819580078,ok
100,6,slsqp,0.15300297737121582,ok
100,6,trust-constr,7.52957010269165,ok
100,6,ipopt,0.08286428451538086,ok
100,6,pyomo_cbc,0.18228912353515625,ok
100,6,pyomo_glpk,0.13836908340454102,ok
100,6,cvxpy_cbc,0.03434896469116211,ok
100,6,cvxpy_glpk,0.015889883041381836,ok
100,6,ecos,0.04217386245727539,ok
100,7,slsqp,0.1388096809387207,ok
100,7,trust-constr,7.002647161483765,ok
100,7,ipopt,0.08610892295837402,ok
100,7,pyomo_cbc,0.18483376502990723,ok
100,7,pyomo_glpk,0.13214993476867676,ok
100,7,cvxpy_cbc,0.03630995750427246,ok
100,7,cvxpy_glpk,0.01596212387084961,ok
100,7,ecos,0.04439592361450195,ok
100,8,slsqp,0.20480799674987793,ok
100,8,trust-constr,7.26383376121521,ok
100,8,ipopt,0.09262490272521973,ok
100,8,pyomo_cbc,0.7924840450286865,ok
100,8,pyomo_glpk,0.196793794631958,ok
100,8,cvxpy_cbc,0.3330202102661133,ok
100,8,cvxpy_glpk,0.11483216285705566,ok
100,8,ecos,0.051271915435791016,ok
100,9,slsqp,0.2211439609527588,ok
100,9,trust-constr,7.828611135482788,ok
100,9,ipopt,0.09068799018859863,ok
100,9,pyomo_cbc,0.2955808639526367,ok
100,9,pyomo_glpk,0.17489290237426758,ok
100,9,cvxpy_cbc,0.08200192451477051,ok
100,9,cvxpy_glpk,0.058695077896118164,ok
100,9,ecos,0.07301497459411621,ok
100,10,slsqp,0.2489030361175537,ok
100,10,trust-constr,11.914947748184204,0
100,10,ipopt,0.08864402770996094,ok
100,10,pyomo_cbc,0.1815500259399414,ok
100,10,pyomo_glpk,0.1429579257965088,ok
100,10,cvxpy_cbc,0.03888106346130371,ok
100,10,cvxpy_glpk,0.019213199615478516,ok
100,10,ecos,0.059114933013916016,ok
100,11,slsqp,0.31092000007629395,ok
100,11,trust-constr,5.215755939483643,ok
100,11,ipopt,0.08592796325683594,ok
100,11,pyomo_cbc,0.22963809967041016,ok
100,11,pyomo_glpk,0.14261507987976074,ok
100,11,cvxpy_cbc,0.04639625549316406,ok
100,11,cvxpy_glpk,0.026050806045532227,ok
100,11,ecos,0.053604841232299805,ok
100,12,slsqp,0.29114437103271484,ok
100,12,trust-constr,11.157595157623291,ok
100,12,ipopt,0.09688901901245117,ok
100,12,pyomo_cbc,1.0066137313842773,ok
100,12,pyomo_glpk,0.37206506729125977,ok
100,12,cvxpy_cbc,0.3798837661743164,ok
100,12,cvxpy_glpk,0.4000678062438965,ok
100,12,ecos,26.45993399620056,infeasible_inaccurate
100,13,slsqp,0.18548798561096191,ok
100,13,trust-constr,5.302765607833862,ok
100,13,ipopt,0.08519768714904785,ok
100,13,pyomo_cbc,0.3813488483428955,ok
100,13,pyomo_glpk,0.1870877742767334,ok
100,13,cvxpy_cbc,0.09928011894226074,ok
100,13,cvxpy_glpk,0.07210922241210938,ok
100,13,ecos,29.085161209106445,infeasible_inaccurate
100,14,slsqp,0.35481977462768555,ok
100,14,trust-constr,9.767911911010742,ok
100,14,ipopt,0.09476304054260254,ok
100,14,pyomo_cbc,0.2769949436187744,ok
100,14,pyomo_glpk,0.19725275039672852,ok
100,14,cvxpy_cbc,0.12112712860107422,ok
100,14,cvxpy_glpk,0.07359910011291504,ok
100,14,ecos,29.80879783630371,infeasible_inaccurate
100,15,slsqp,0.13179707527160645,ok
100,15,trust-constr,10.838680982589722,ok
100,15,ipopt,0.07321810722351074,ok
100,15,pyomo_cbc,0.6225700378417969,ok
100,15,pyomo_glpk,0.22229671478271484,ok
100,15,cvxpy_cbc,0.31946396827697754,ok
100,15,cvxpy_glpk,0.14565396308898926,ok
100,15,ecos,0.05984306335449219,ok
100,16,slsqp,0.14733004570007324,ok
100,16,trust-constr,10.787557125091553,ok
100,16,ipopt,0.21642303466796875,ok
100,16,pyomo_cbc,0.35446715354919434,ok
100,16,pyomo_glpk,0.16495919227600098,ok
100,16,cvxpy_cbc,0.11113190650939941,ok
100,16,cvxpy_glpk,0.03751707077026367,ok
100,16,ecos,31.876051902770996,infeasible_inaccurate
100,17,slsqp,0.1923840045928955,ok
100,17,trust-constr,7.7135701179504395,ok
100,17,ipopt,0.11820125579833984,ok
100,17,pyomo_cbc,0.3936338424682617,ok
100,17,pyomo_glpk,0.1768360137939453,ok
100,17,cvxpy_cbc,0.3520629405975342,ok
100,17,cvxpy_glpk,0.07370710372924805,ok
100,17,ecos,0.05093193054199219,ok
100,18,slsqp,0.2933812141418457,ok
100,18,trust-constr,9.594856977462769,ok
100,18,ipopt,0.08821392059326172,ok
100,18,pyomo_cbc,0.3910369873046875,ok
100,18,pyomo_glpk,0.18330979347229004,ok
100,18,cvxpy_cbc,0.1286149024963379,ok
100,18,cvxpy_glpk,0.0702199935913086,ok
100,18,ecos,0.06637191772460938,ok
100,19,slsqp,0.24866724014282227,ok
100,19,trust-constr,9.185800790786743,ok
100,19,ipopt,0.09015393257141113,ok
100,19,pyomo_cbc,0.28894710540771484,ok
100,19,pyomo_glpk,0.15777015686035156,ok
100,19,cvxpy_cbc,0.2867860794067383,ok
100,19,cvxpy_glpk,0.035684823989868164,ok
100,19,ecos,0.06824398040771484,ok
100,20,slsqp,0.3021209239959717,ok
100,20,trust-constr,6.447296142578125,ok
100,20,ipopt,0.09592819213867188,ok
100,20,pyomo_cbc,0.23405694961547852,ok
100,20,pyomo_glpk,0.150770902633667,ok
100,20,cvxpy_cbc,0.0725250244140625,ok
100,20,cvxpy_glpk,0.029369831085205078,ok
100,20,ecos,0.06023073196411133,ok
100,21,slsqp,0.22875714302062988,ok
100,21,trust-constr,8.360703945159912,ok
100,21,ipopt,0.0823371410369873,ok
100,21,pyomo_cbc,0.31227684020996094,ok
100,21,pyomo_glpk,0.15900897979736328,ok
100,21,cvxpy_cbc,0.0662531852722168,ok
100,21,cvxpy_glpk,0.05186295509338379,ok
100,21,ecos,0.048867225646972656,ok
100,22,slsqp,0.31956028938293457,ok
100,22,trust-constr,8.775940179824829,ok
100,22,ipopt,0.09127402305603027,ok
100,22,pyomo_cbc,0.3443326950073242,ok
100,22,pyomo_glpk,0.19896292686462402,ok
100,22,cvxpy_cbc,0.27440929412841797,ok
100,22,cvxpy_glpk,0.11857891082763672,ok
100,22,ecos,0.0680539608001709,ok
100,23,slsqp,0.2626228332519531,ok
100,23,trust-constr,5.782936096191406,ok
100,23,ipopt,0.09249591827392578,ok
100,23,pyomo_cbc,0.37372684478759766,ok
100,23,pyomo_glpk,0.3576931953430176,ok
100,23,cvxpy_cbc,0.14442181587219238,ok
100,23,cvxpy_glpk,0.1504361629486084,ok
100,23,ecos,0.06769585609436035,ok
100,24,slsqp,0.23473310470581055,ok
100,24,trust-constr,8.232928037643433,ok
100,24,ipopt,0.0956871509552002,ok
100,24,pyomo_cbc,0.27512288093566895,ok
100,24,pyomo_glpk,0.1498732566833496,ok
100,24,cvxpy_cbc,0.06638503074645996,ok
100,24,cvxpy_glpk,0.029612064361572266,ok
100,24,ecos,31.84996199607849,infeasible_inaccurate
200,0,slsqp,2.1829590797424316,ok
200,0,trust-constr,20.27433705329895,ok
200,0,ipopt,0.11967897415161133,ok
200,0,pyomo_cbc,0.490476131439209,ok
200,0,pyomo_glpk,0.28514790534973145,ok
200,0,cvxpy_cbc,0.3364548683166504,ok
200,0,cvxpy_glpk,0.09370088577270508,ok
200,0,ecos,0.10656380653381348,ok
200,1,slsqp,1.8047990798950195,ok
200,1,trust-constr,34.52313709259033,ok
200,1,ipopt,0.16196489334106445,ok
200,1,pyomo_cbc,0.6456592082977295,ok
200,1,pyomo_glpk,0.32113099098205566,ok
200,1,cvxpy_cbc,0.3585472106933594,ok
200,1,cvxpy_glpk,0.11249113082885742,ok
200,1,ecos,0.16017389297485352,ok
200,2,slsqp,2.0781211853027344,ok
200,2,trust-constr,33.161476135253906,ok
200,2,ipopt,0.13035988807678223,ok
200,2,pyomo_cbc,0.9809322357177734,ok
200,2,pyomo_glpk,0.8477191925048828,ok
200,2,cvxpy_cbc,0.6994638442993164,ok
200,2,cvxpy_glpk,0.9201889038085938,ok
200,2,ecos,0.12202978134155273,ok
200,3,slsqp,1.512855052947998,ok
200,3,trust-constr,22.214717149734497,ok
200,3,ipopt,0.1268458366394043,ok
200,3,pyomo_cbc,0.6693286895751953,ok
200,3,pyomo_glpk,0.48161911964416504,ok
200,3,cvxpy_cbc,0.20520305633544922,ok
200,3,cvxpy_glpk,0.14011383056640625,ok
200,3,ecos,60.983129024505615,infeasible_inaccurate
200,4,slsqp,1.0621390342712402,ok
200,4,trust-constr,22.704660415649414,ok
200,4,ipopt,0.12867116928100586,ok
200,4,pyomo_cbc,0.5902950763702393,ok
200,4,pyomo_glpk,0.28687262535095215,ok
200,4,cvxpy_cbc,0.14425969123840332,ok
200,4,cvxpy_glpk,0.06278395652770996,ok
200,4,ecos,0.140427827835083,ok
200,5,slsqp,1.6127839088439941,ok
200,5,trust-constr,29.325168132781982,ok
200,5,ipopt,0.1507887840270996,ok
200,5,pyomo_cbc,0.6601510047912598,ok
200,5,pyomo_glpk,0.5136449337005615,ok
200,5,cvxpy_cbc,0.12662315368652344,ok
200,5,cvxpy_glpk,0.13959813117980957,ok
200,5,ecos,0.13647007942199707,ok
200,6,slsqp,3.567577838897705,ok
200,6,trust-constr,20.384875059127808,ok
200,6,ipopt,0.1463918685913086,ok
200,6,pyomo_cbc,0.6359689235687256,ok
200,6,pyomo_glpk,0.3836350440979004,ok
200,6,cvxpy_cbc,0.4195520877838135,ok
200,6,cvxpy_glpk,0.1545870304107666,ok
200,6,ecos,0.1725919246673584,ok
200,7,slsqp,1.694441795349121,ok
200,7,trust-constr,21.50632405281067,ok
200,7,ipopt,0.13649582862854004,ok
200,7,pyomo_cbc,0.6132910251617432,ok
200,7,pyomo_glpk,0.5049190521240234,ok
200,7,cvxpy_cbc,0.15302801132202148,ok
200,7,cvxpy_glpk,0.1634199619293213,ok
200,7,ecos,0.13744711875915527,ok
200,8,slsqp,2.235333204269409,ok
200,8,trust-constr,31.594759941101074,0
200,8,ipopt,0.1423349380493164,ok
200,8,pyomo_cbc,0.6025619506835938,ok
200,8,pyomo_glpk,0.33739399909973145,ok
200,8,cvxpy_cbc,0.21426606178283691,ok
200,8,cvxpy_glpk,0.09220123291015625,ok
200,8,ecos,0.17405319213867188,ok
200,9,slsqp,2.3713009357452393,ok
200,9,trust-constr,20.47486901283264,ok
200,9,ipopt,0.1460590362548828,ok
200,9,pyomo_cbc,0.8781661987304688,ok
200,9,pyomo_glpk,0.6679847240447998,ok
200,9,cvxpy_cbc,0.8807699680328369,ok
200,9,cvxpy_glpk,0.375377893447876,ok
200,9,ecos,64.63739585876465,infeasible_inaccurate
200,10,slsqp,1.2650799751281738,ok
200,10,trust-constr,28.650279998779297,ok
200,10,ipopt,0.14879727363586426,ok
200,10,pyomo_cbc,0.6782441139221191,ok
200,10,pyomo_glpk,0.3702578544616699,ok
200,10,cvxpy_cbc,0.2571690082550049,ok
200,10,cvxpy_glpk,0.11436915397644043,ok
200,10,ecos,0.15246820449829102,ok
200,11,slsqp,2.1782641410827637,ok
200,11,trust-constr,30.50720977783203,ok
200,11,ipopt,0.1548769474029541,ok
200,11,pyomo_cbc,0.5908288955688477,ok
200,11,pyomo_glpk,0.5918340682983398,ok
200,11,cvxpy_cbc,0.5003046989440918,ok
200,11,cvxpy_glpk,0.3195497989654541,ok
200,11,ecos,0.17299199104309082,ok
200,12,slsqp,1.988288164138794,ok
200,12,trust-constr,28.345219135284424,ok
200,12,ipopt,0.14762115478515625,ok
200,12,pyomo_cbc,1.4848370552062988,ok
200,12,pyomo_glpk,0.5634360313415527,ok
200,12,cvxpy_cbc,0.5684218406677246,ok
200,12,cvxpy_glpk,0.832927942276001,ok
200,12,ecos,66.01994395256042,infeasible_inaccurate
200,13,slsqp,1.8275079727172852,ok
200,13,trust-constr,22.82806086540222,ok
200,13,ipopt,0.14720892906188965,ok
200,13,pyomo_cbc,0.433182954788208,ok
200,13,pyomo_glpk,0.45627593994140625,ok
200,13,cvxpy_cbc,0.09144902229309082,ok
200,13,cvxpy_glpk,0.05966782569885254,ok
200,13,ecos,0.16196894645690918,ok
200,14,slsqp,2.1348509788513184,ok
200,14,trust-constr,29.74203872680664,ok
200,14,ipopt,0.15619516372680664,ok
200,14,pyomo_cbc,0.6437606811523438,ok
200,14,pyomo_glpk,0.41191911697387695,ok
200,14,cvxpy_cbc,0.43829798698425293,ok
200,14,cvxpy_glpk,0.12355494499206543,ok
200,14,ecos,0.18700408935546875,ok
200,15,slsqp,2.236281156539917,ok
200,15,trust-constr,25.20359992980957,ok
200,15,ipopt,0.16404104232788086,ok
200,15,pyomo_cbc,1.196167230606079,ok
200,15,pyomo_glpk,0.7161478996276855,ok
200,15,cvxpy_cbc,0.6991620063781738,ok
200,15,cvxpy_glpk,0.40981006622314453,ok
200,15,ecos,0.17925596237182617,ok
200,16,slsqp,1.3248927593231201,ok
200,16,trust-constr,33.74829173088074,ok
200,16,ipopt,0.16494226455688477,ok
200,16,pyomo_cbc,0.44684696197509766,ok
200,16,pyomo_glpk,0.3597080707550049,ok
200,16,cvxpy_cbc,0.08028101921081543,ok
200,16,cvxpy_glpk,0.04813385009765625,ok
200,16,ecos,0.18394804000854492,ok
200,17,slsqp,2.558804988861084,ok
200,17,trust-constr,26.77523922920227,ok
200,17,ipopt,0.1458120346069336,ok
200,17,pyomo_cbc,0.747169017791748,ok
200,17,pyomo_glpk,0.36004090309143066,ok
200,17,cvxpy_cbc,0.30765509605407715,ok
200,17,cvxpy_glpk,0.12110424041748047,ok
200,17,ecos,61.49297595024109,infeasible_inaccurate
200,18,slsqp,1.241835117340088,ok
200,18,trust-constr,25.890333890914917,ok
200,18,ipopt,0.1390531063079834,ok
200,18,pyomo_cbc,0.675889253616333,ok
200,18,pyomo_glpk,0.4393479824066162,ok
200,18,cvxpy_cbc,0.47931385040283203,ok
200,18,cvxpy_glpk,0.29396796226501465,ok
200,18,ecos,65.34020185470581,optimal_inaccurate
200,19,slsqp,1.5822110176086426,ok
200,19,trust-constr,21.545804023742676,ok
200,19,ipopt,0.14402413368225098,ok
200,19,pyomo_cbc,0.639984130859375,ok
200,19,pyomo_glpk,0.35010790824890137,ok
200,19,cvxpy_cbc,0.29649901390075684,ok
200,19,cvxpy_glpk,0.2916901111602783,ok
200,19,ecos,0.15220999717712402,ok
200,20,slsqp,1.9882071018218994,ok
200,20,trust-constr,41.655364990234375,0
200,20,ipopt,0.1672351360321045,ok
200,20,pyomo_cbc,0.8321671485900879,ok
200,20,pyomo_glpk,0.3830118179321289,ok
200,20,cvxpy_cbc,0.5781979560852051,ok
200,20,cvxpy_glpk,0.13533711433410645,ok
200,20,ecos,0.17114996910095215,ok
200,21,slsqp,2.3411951065063477,ok
200,21,trust-constr,27.355889797210693,ok
200,21,ipopt,0.1460580825805664,ok
200,21,pyomo_cbc,0.6516242027282715,ok
200,21,pyomo_glpk,0.4937710762023926,ok
200,21,cvxpy_cbc,0.19516682624816895,ok
200,21,cvxpy_glpk,0.09361577033996582,ok
200,21,ecos,0.1524522304534912,ok
200,22,slsqp,1.2114770412445068,ok
200,22,trust-constr,34.571404695510864,ok
200,22,ipopt,0.15451979637145996,ok
200,22,pyomo_cbc,0.5841920375823975,ok
200,22,pyomo_glpk,0.31610608100891113,ok
200,22,cvxpy_cbc,0.12087297439575195,ok
200,22,cvxpy_glpk,0.05158090591430664,ok
200,22,ecos,60.976486921310425,infeasible_inaccurate
200,23,slsqp,0.7131950855255127,ok
200,23,trust-constr,24.815430879592896,ok
200,23,ipopt,0.14310598373413086,ok
200,23,pyomo_cbc,0.36365532875061035,ok
200,23,pyomo_glpk,0.2859768867492676,ok
200,23,cvxpy_cbc,0.20636892318725586,ok
200,23,cvxpy_glpk,0.04485607147216797,ok
200,23,ecos,0.14090394973754883,ok
200,24,slsqp,1.4420859813690186,ok
200,24,trust-constr,25.061086893081665,ok
200,24,ipopt,0.15002083778381348,ok
200,24,pyomo_cbc,1.0591070652008057,ok
200,24,pyomo_glpk,0.6441969871520996,ok
200,24,cvxpy_cbc,0.4800260066986084,ok
200,24,cvxpy_glpk,0.5454931259155273,ok
200,24,ecos,0.1396636962890625,ok
500,0,slsqp,41.07279706001282,ok
500,0,ipopt,0.31737685203552246,ok
500,0,pyomo_cbc,2.2890610694885254,ok
500,0,pyomo_glpk,1.1746811866760254,ok
500,0,cvxpy_cbc,0.7382550239562988,ok
500,0,cvxpy_glpk,0.7614338397979736,ok
500,0,ecos,0.4341888427734375,ok
500,1,slsqp,47.33089733123779,ok
500,1,ipopt,0.18885397911071777,ok
500,1,pyomo_cbc,1.146981954574585,ok
500,1,pyomo_glpk,0.4801630973815918,ok
500,1,cvxpy_cbc,0.17512011528015137,ok
500,1,cvxpy_glpk,0.11123514175415039,ok
500,1,ecos,0.2772207260131836,ok
500,2,slsqp,43.26252627372742,ok
500,2,ipopt,0.33780694007873535,ok
500,2,pyomo_cbc,1.3505527973175049,ok
500,2,pyomo_glpk,0.7259078025817871,ok
500,2,cvxpy_cbc,1.1882660388946533,ok
500,2,cvxpy_glpk,0.28967905044555664,ok
500,2,ecos,0.3246340751647949,ok
500,3,slsqp,35.259401082992554,ok
500,3,ipopt,0.23321032524108887,ok
500,3,pyomo_cbc,1.8572478294372559,ok
500,3,pyomo_glpk,1.3745348453521729,ok
500,3,cvxpy_cbc,1.2180981636047363,ok
500,3,cvxpy_glpk,2.8349528312683105,ok
500,3,ecos,0.35544419288635254,ok
500,4,slsqp,43.87801909446716,ok
500,4,ipopt,0.23587322235107422,ok
500,4,pyomo_cbc,1.295638084411621,ok
500,4,pyomo_glpk,0.7781410217285156,ok
500,4,cvxpy_cbc,0.49440693855285645,ok
500,4,cvxpy_glpk,0.28371405601501465,ok
500,4,ecos,0.33265113830566406,ok
500,5,slsqp,32.94652009010315,ok
500,5,ipopt,0.19652891159057617,ok
500,5,pyomo_cbc,1.5800719261169434,ok
500,5,pyomo_glpk,2.0023372173309326,ok
500,5,cvxpy_cbc,0.5984861850738525,ok
500,5,cvxpy_glpk,2.5535058975219727,ok
500,5,ecos,0.27767395973205566,ok
500,6,slsqp,32.4426589012146,ok
500,6,ipopt,0.21275806427001953,ok
500,6,pyomo_cbc,1.5797319412231445,ok
500,6,pyomo_glpk,0.9602701663970947,ok
500,6,cvxpy_cbc,1.0486128330230713,ok
500,6,cvxpy_glpk,0.3898310661315918,ok
500,6,ecos,220.07009410858154,infeasible_inaccurate
500,7,slsqp,36.149304151535034,ok
500,7,ipopt,0.24670910835266113,ok
500,7,pyomo_cbc,2.1883630752563477,ok
500,7,pyomo_glpk,1.1384730339050293,ok
500,7,cvxpy_cbc,1.2284741401672363,ok
500,7,cvxpy_glpk,0.8868567943572998,ok
500,7,ecos,0.5069103240966797,ok
500,8,slsqp,39.68972182273865,ok
500,8,ipopt,0.1780087947845459,ok
500,8,pyomo_cbc,0.8903098106384277,ok
500,8,pyomo_glpk,0.6657321453094482,ok
500,8,cvxpy_cbc,0.30901288986206055,ok
500,8,cvxpy_glpk,0.12958002090454102,ok
500,8,ecos,0.3292229175567627,ok
500,9,slsqp,30.348801612854004,ok
500,9,ipopt,0.17938709259033203,ok
500,9,pyomo_cbc,1.3742599487304688,ok
500,9,pyomo_glpk,1.2082600593566895,ok
500,9,cvxpy_cbc,0.4948139190673828,ok
500,9,cvxpy_glpk,1.0318458080291748,ok
500,9,ecos,196.27205801010132,infeasible_inaccurate
500,10,slsqp,37.03505825996399,ok
500,10,ipopt,0.17441296577453613,ok
500,10,pyomo_cbc,1.3140647411346436,ok
500,10,pyomo_glpk,0.5114378929138184,ok
500,10,cvxpy_cbc,0.5332369804382324,ok
500,10,cvxpy_glpk,0.14371371269226074,ok
500,10,ecos,0.28114819526672363,ok
500,11,slsqp,14.57355809211731,ok
500,11,ipopt,0.18446993827819824,ok
500,11,pyomo_cbc,0.7279000282287598,ok
500,11,pyomo_glpk,0.5040650367736816,ok
500,11,cvxpy_cbc,0.10671830177307129,ok
500,11,cvxpy_glpk,0.09600496292114258,ok
500,11,ecos,0.3106660842895508,ok
500,12,slsqp,34.941813707351685,ok
500,12,ipopt,0.35826611518859863,ok
500,12,pyomo_cbc,1.0031800270080566,ok
500,12,pyomo_glpk,0.6128067970275879,ok
500,12,cvxpy_cbc,0.5022950172424316,ok
500,12,cvxpy_glpk,0.11507582664489746,ok
500,12,ecos,0.31412577629089355,ok
500,13,slsqp,35.225045919418335,ok
500,13,ipopt,0.18107128143310547,ok
500,13,pyomo_cbc,0.889552116394043,ok
500,13,pyomo_glpk,0.7431409358978271,ok
500,13,cvxpy_cbc,0.3692500591278076,ok
500,13,cvxpy_glpk,0.256181001663208,ok
500,13,ecos,0.2743208408355713,ok
500,14,slsqp,34.530624866485596,ok
500,14,ipopt,0.1838078498840332,ok
500,14,pyomo_cbc,1.093095064163208,ok
500,14,pyomo_glpk,0.6662449836730957,ok
500,14,cvxpy_cbc,0.2989311218261719,ok
500,14,cvxpy_glpk,0.14235281944274902,ok
500,14,ecos,0.31388115882873535,ok
500,15,slsqp,36.603312969207764,ok
500,15,ipopt,0.18011903762817383,ok
500,15,pyomo_cbc,1.3722648620605469,ok
500,15,pyomo_glpk,1.2208940982818604,ok
500,15,cvxpy_cbc,0.5332291126251221,ok
500,15,cvxpy_glpk,0.35622620582580566,ok
500,15,ecos,0.31391072273254395,ok
500,16,slsqp,29.021594047546387,ok
500,16,ipopt,0.1863231658935547,ok
500,16,pyomo_cbc,1.105545997619629,ok
500,16,pyomo_glpk,0.5337769985198975,ok
500,16,cvxpy_cbc,0.2572002410888672,ok
500,16,cvxpy_glpk,0.11970996856689453,ok
500,16,ecos,0.330949068069458,ok
500,17,slsqp,41.03208684921265,ok
500,17,ipopt,0.1791062355041504,ok
500,17,pyomo_cbc,1.2660560607910156,ok
500,17,pyomo_glpk,0.5776288509368896,ok
500,17,cvxpy_cbc,0.7106509208679199,ok
500,17,cvxpy_glpk,0.25544190406799316,ok
500,17,ecos,191.2215700149536,infeasible_inaccurate
500,18,slsqp,29.392936944961548,ok
500,18,ipopt,0.23589205741882324,ok
500,18,pyomo_cbc,0.8366320133209229,ok
500,18,pyomo_glpk,0.671760082244873,ok
500,18,cvxpy_cbc,0.23133087158203125,ok
500,18,cvxpy_glpk,0.15233111381530762,ok
500,18,ecos,0.2866690158843994,ok
500,19,slsqp,28.841623067855835,ok
500,19,ipopt,0.20026326179504395,ok
500,19,pyomo_cbc,1.4399490356445312,ok
500,19,pyomo_glpk,0.9656870365142822,ok
500,19,cvxpy_cbc,0.48749685287475586,ok
500,19,cvxpy_glpk,0.42766571044921875,ok
500,19,ecos,189.20762491226196,infeasible_inaccurate
500,20,slsqp,31.81214690208435,ok
500,20,ipopt,0.3410320281982422,ok
500,20,pyomo_cbc,2.9544172286987305,ok
500,20,pyomo_glpk,2.1429009437561035,ok
500,20,cvxpy_cbc,1.4980757236480713,ok
500,20,cvxpy_glpk,1.2753369808197021,ok
500,20,ecos,0.5099451541900635,ok
500,21,slsqp,58.26475501060486,ok
500,21,ipopt,0.47772884368896484,ok
500,21,pyomo_cbc,3.933363914489746,ok
500,21,pyomo_glpk,1.4256010055541992,ok
500,21,cvxpy_cbc,1.5964670181274414,ok
500,21,cvxpy_glpk,0.39598584175109863,ok
500,21,ecos,0.709716796875,ok
500,22,slsqp,80.99844789505005,ok
500,22,ipopt,0.3578479290008545,ok
500,22,pyomo_cbc,1.827617883682251,ok
500,22,pyomo_glpk,0.9186780452728271,ok
500,22,cvxpy_cbc,0.6754591464996338,ok
500,22,cvxpy_glpk,0.1597580909729004,ok
500,22,ecos,0.4660148620605469,ok
500,23,slsqp,32.48715281486511,ok
500,23,ipopt,0.17108416557312012,ok
500,23,pyomo_cbc,0.8920879364013672,ok
500,23,pyomo_glpk,0.7385866641998291,ok
500,23,cvxpy_cbc,0.3879549503326416,ok
500,23,cvxpy_glpk,0.20863795280456543,ok
500,23,ecos,0.3197472095489502,ok
500,24,slsqp,40.09774899482727,ok
500,24,ipopt,0.17832016944885254,ok
500,24,pyomo_cbc,1.086055040359497,ok
500,24,pyomo_glpk,0.7369132041931152,ok
500,24,cvxpy_cbc,0.33788013458251953,ok
500,24,cvxpy_glpk,0.24576592445373535,ok
500,24,ecos,0.27406883239746094,ok
1000,0,ipopt,0.31714296340942383,ok
1000,0,pyomo_cbc,2.3985228538513184,ok
1000,0,pyomo_glpk,1.2982492446899414,ok
1000,0,cvxpy_cbc,0.6341991424560547,ok
1000,0,cvxpy_glpk,0.6132690906524658,ok
1000,0,ecos,0.7989790439605713,ok
1000,1,ipopt,0.33103013038635254,ok
1000,1,pyomo_cbc,1.7300939559936523,ok
1000,1,pyomo_glpk,1.1984870433807373,ok
1000,1,cvxpy_cbc,0.7863690853118896,ok
1000,1,cvxpy_glpk,0.4451603889465332,ok
1000,1,ecos,0.6827349662780762,ok
1000,2,ipopt,0.46824026107788086,ok
1000,2,pyomo_cbc,2.439833164215088,ok
1000,2,pyomo_glpk,1.398909330368042,ok
1000,2,cvxpy_cbc,0.8992619514465332,ok
1000,2,cvxpy_glpk,0.8748819828033447,ok
1000,2,ecos,0.7192621231079102,ok
1000,3,ipopt,0.30255794525146484,ok
1000,3,pyomo_cbc,2.239506244659424,ok
1000,3,pyomo_glpk,1.2887091636657715,ok
1000,3,cvxpy_cbc,0.6527323722839355,ok
1000,3,cvxpy_glpk,0.5207741260528564,ok
1000,3,ecos,0.748708963394165,ok
1000,4,ipopt,0.3006629943847656,ok
1000,4,pyomo_cbc,1.7071659564971924,ok
1000,4,pyomo_glpk,1.1860129833221436,ok
1000,4,cvxpy_cbc,0.3199443817138672,ok
1000,4,cvxpy_glpk,0.4017660617828369,ok
1000,4,ecos,0.6605031490325928,ok
1000,5,ipopt,0.29874396324157715,ok
1000,5,pyomo_cbc,2.6522700786590576,ok
1000,5,pyomo_glpk,1.3746988773345947,ok
1000,5,cvxpy_cbc,1.0339241027832031,ok
1000,5,cvxpy_glpk,0.6102399826049805,ok
1000,5,ecos,0.7656960487365723,ok
1000,6,ipopt,0.3046121597290039,ok
1000,6,pyomo_cbc,3.1498541831970215,ok
1000,6,pyomo_glpk,1.213533878326416,ok
1000,6,cvxpy_cbc,0.9780542850494385,ok
1000,6,cvxpy_glpk,0.44578003883361816,ok
1000,6,ecos,0.754432201385498,ok
1000,7,ipopt,0.33058691024780273,ok
1000,7,pyomo_cbc,3.1289010047912598,ok
1000,7,pyomo_glpk,1.7493109703063965,ok
1000,7,cvxpy_cbc,1.138383150100708,ok
1000,7,cvxpy_glpk,1.699294090270996,ok
1000,7,ecos,0.9189357757568359,ok
1000,8,ipopt,0.4573020935058594,ok
1000,8,pyomo_cbc,2.6786930561065674,ok
1000,8,pyomo_glpk,1.2760517597198486,ok
1000,8,cvxpy_cbc,0.9545249938964844,ok
1000,8,cvxpy_glpk,0.4271719455718994,ok
1000,8,ecos,0.9908149242401123,ok
1000,9,ipopt,0.38476061820983887,ok
1000,9,pyomo_cbc,3.020205020904541,ok
1000,9,pyomo_glpk,1.4685678482055664,ok
1000,9,cvxpy_cbc,0.9319088459014893,ok
1000,9,cvxpy_glpk,0.8451189994812012,ok
1000,9,ecos,1.1428580284118652,ok
1000,10,ipopt,0.3987710475921631,ok
1000,10,pyomo_cbc,2.572582960128784,ok
1000,10,pyomo_glpk,1.349247932434082,ok
1000,10,cvxpy_cbc,0.9072749614715576,ok
1000,10,cvxpy_glpk,0.5346612930297852,ok
1000,10,ecos,0.9534780979156494,ok
1000,11,ipopt,0.5514669418334961,ok
1000,11,pyomo_cbc,2.78540301322937,ok
1000,11,pyomo_glpk,1.9830021858215332,ok
1000,11,cvxpy_cbc,0.7808098793029785,ok
1000,11,cvxpy_glpk,1.4213738441467285,ok
1000,11,ecos,0.9125921726226807,ok
1000,12,ipopt,0.3977847099304199,ok
1000,12,pyomo_cbc,2.73327898979187,ok
1000,12,pyomo_glpk,1.242009162902832,ok
1000,12,cvxpy_cbc,0.9124698638916016,ok
1000,12,cvxpy_glpk,0.5127429962158203,ok
1000,12,ecos,0.9072089195251465,ok
1000,13,ipopt,0.34464001655578613,ok
1000,13,pyomo_cbc,3.2987987995147705,ok
1000,13,pyomo_glpk,1.6111857891082764,ok
1000,13,cvxpy_cbc,1.3641338348388672,ok
1000,13,cvxpy_glpk,0.6996731758117676,ok
1000,13,ecos,475.790265083313,infeasible_inaccurate
1000,14,ipopt,0.3148801326751709,ok
1000,14,pyomo_cbc,2.7581787109375,ok
1000,14,pyomo_glpk,1.7124252319335938,ok
1000,14,cvxpy_cbc,1.158371925354004,ok
1000,14,cvxpy_glpk,0.5681731700897217,ok
1000,14,ecos,0.8199737071990967,ok
1000,15,ipopt,0.49219608306884766,ok
1000,15,pyomo_cbc,2.879002809524536,ok
1000,15,pyomo_glpk,1.0789439678192139,ok
1000,15,cvxpy_cbc,1.327859878540039,ok
1000,15,cvxpy_glpk,0.47638392448425293,ok
1000,15,ecos,0.7565891742706299,ok
1000,16,ipopt,0.2951509952545166,ok
1000,16,pyomo_cbc,2.8235530853271484,ok
1000,16,pyomo_glpk,1.4406888484954834,ok
1000,16,cvxpy_cbc,0.9951810836791992,ok
1000,16,cvxpy_glpk,0.7924017906188965,ok
1000,16,ecos,464.86428713798523,infeasible_inaccurate
1000,17,ipopt,0.36160993576049805,ok
1000,17,pyomo_cbc,2.7217516899108887,ok
1000,17,pyomo_glpk,1.2100112438201904,ok
1000,17,cvxpy_cbc,0.8243000507354736,ok
1000,17,cvxpy_glpk,0.41029810905456543,ok
1000,17,ecos,0.7017760276794434,ok
1000,18,ipopt,0.30176782608032227,ok
1000,18,pyomo_cbc,2.5983119010925293,ok
1000,18,pyomo_glpk,1.2163441181182861,ok
1000,18,cvxpy_cbc,1.1185777187347412,ok
1000,18,cvxpy_glpk,0.42675089836120605,ok
1000,18,ecos,0.7006740570068359,ok
1000,19,ipopt,0.28879499435424805,ok
1000,19,pyomo_cbc,3.0967459678649902,ok
1000,19,pyomo_glpk,1.27683687210083,ok
1000,19,cvxpy_cbc,1.044083833694458,ok
1000,19,cvxpy_glpk,0.48370909690856934,ok
1000,19,ecos,0.7290487289428711,ok
1000,20,ipopt,0.3045659065246582,ok
1000,20,pyomo_cbc,3.043121099472046,ok
1000,20,pyomo_glpk,1.438446044921875,ok
1000,20,cvxpy_cbc,0.9884128570556641,ok
1000,20,cvxpy_glpk,0.6728110313415527,ok
1000,20,ecos,0.7472140789031982,ok
1000,21,ipopt,0.3068888187408447,ok
1000,21,pyomo_cbc,3.210500955581665,ok
1000,21,pyomo_glpk,2.0597171783447266,ok
1000,21,cvxpy_cbc,1.450566053390503,ok
1000,21,cvxpy_glpk,1.3717811107635498,ok
1000,21,ecos,0.877051830291748,ok
1000,22,ipopt,0.3421032428741455,ok
1000,22,pyomo_cbc,2.9211528301239014,ok
1000,22,pyomo_glpk,1.5093698501586914,ok
1000,22,cvxpy_cbc,1.067728042602539,ok
1000,22,cvxpy_glpk,1.0588998794555664,ok
1000,22,ecos,0.7568020820617676,ok
1000,23,ipopt,0.29526495933532715,ok
1000,23,pyomo_cbc,2.850507974624634,ok
1000,23,pyomo_glpk,1.3348207473754883,ok
1000,23,cvxpy_cbc,0.7688488960266113,ok
1000,23,cvxpy_glpk,0.6250519752502441,ok
1000,23,ecos,0.6775579452514648,ok
1000,24,ipopt,0.29058313369750977,ok
1000,24,pyomo_cbc,2.8465588092803955,ok
1000,24,pyomo_glpk,1.2557570934295654,ok
1000,24,cvxpy_cbc,1.960683822631836,ok
1000,24,cvxpy_glpk,0.6559872627258301,ok
1000,24,ecos,398.86776089668274,infeasible_inaccurate
